filename,age
0.JPG,18
1.JPG,24
10.JPG,31
100.JPG,33
101.JPG,31
102.JPG,44
103.JPG,53
104.JPG,39
105.JPG,38
106.JPG,36
107.JPG,28
108.JPG,20
109.JPG,44
11.JPG,28
110.JPG,33
111.JPG,24
112.JPG,40
113.JPG,35
114.JPG,26
115.JPG,35
116.JPG,24
117.JPG,22
118.JPG,37
119.JPG,35
12.JPG,33
120.JPG,58
121.JPG,47
122.JPG,37
123.JPG,41
124.JPG,35
125.JPG,29
126.JPG,48
127.JPG,37
128.JPG,51
129.JPG,25
13.JPG,31
130.JPG,35
131.JPG,28
132.JPG,26
133.JPG,43
134.JPG,24
135.JPG,36
136.JPG,37
137.JPG,26
138.JPG,43
139.JPG,49
14.JPG,39
140.JPG,36
141.JPG,25
142.JPG,31
143.JPG,36
144.JPG,34
145.JPG,25
146.JPG,33
147.JPG,35
148.JPG,22
149.JPG,36
15.JPG,25
150.JPG,19
151.JPG,28
152.JPG,27
153.JPG,34
154.JPG,31
155.JPG,21
156.JPG,26
157.JPG,32
158.JPG,30
159.JPG,18
16.JPG,44
160.JPG,35
161.JPG,25
162.JPG,33
163.JPG,24
164.JPG,17
165.JPG,47
166.JPG,22
167.JPG,26
168.JPG,22
169.JPG,19
17.JPG,31
170.JPG,25
171.JPG,31
172.JPG,28
173.JPG,17
174.JPG,33
175.JPG,18
176.JPG,18
177.JPG,32
178.JPG,35
179.JPG,45
18.JPG,31
180.JPG,44
181.JPG,39
182.JPG,29
183.JPG,30
184.JPG,22
185.JPG,33
186.JPG,32
187.JPG,31
188.JPG,33
189.JPG,42
19.JPG,38
190.JPG,33
191.JPG,20
192.JPG,45
193.JPG,26
194.JPG,40
195.JPG,21
196.JPG,33
197.JPG,32
198.JPG,25
199.JPG,22
2.JPG,24
20.JPG,22
21.JPG,29
22.JPG,23
23.JPG,47
24.JPG,24
25.JPG,19
26.JPG,33
27.JPG,55
28.JPG,42
29.JPG,19
3.JPG,19
30.JPG,17
31.JPG,20
32.JPG,18
33.JPG,37
34.JPG,34
35.JPG,27
36.JPG,49
37.JPG,19
38.JPG,24
39.JPG,31
4.JPG,37
40.JPG,21
41.JPG,18
42.JPG,34
43.JPG,18
44.JPG,41
45.JPG,34
46.JPG,20
47.JPG,18
48.JPG,19
49.JPG,17
5.JPG,52
50.JPG,40
51.JPG,19
52.JPG,42
53.JPG,30
54.JPG,38
55.JPG,21
56.JPG,18
57.JPG,35
58.JPG,44
59.JPG,37
6.JPG,34
60.JPG,22
61.JPG,17
62.JPG,18
63.JPG,18
64.JPG,36
65.JPG,29
66.JPG,45
67.JPG,18
68.JPG,26
69.JPG,32
7.JPG,29
70.JPG,19
71.JPG,20
72.JPG,27
73.JPG,49
74.JPG,23
75.JPG,38
76.JPG,18
77.JPG,17
78.JPG,19
79.JPG,30
8.JPG,37
80.JPG,25
81.JPG,33
82.JPG,28
83.JPG,18
84.JPG,36
85.JPG,28
86.JPG,27
87.JPG,25
88.JPG,20
89.JPG,27
9.JPG,38
90.JPG,37
91.JPG,31
92.JPG,44
93.JPG,32
94.JPG,45
95.JPG,31
96.JPG,27
97.JPG,51
98.JPG,35
99.JPG,34
